[{
 "categoryString": "EXTENSION",
 "dateBuilt": "2023-10-28T13:34:54+0600",
 "nonVisible": "true",
 "iconName": "aiwebres/icon.png",
 "methods": [
  {
   "deprecated": "false",
   "name": "CancelAllDownloads",
   "description": "Cancel all ongoing downloads.",
   "params": []
  },
  {
   "deprecated": "false",
   "name": "CancelDownload",
   "description": "Cancel the ongoing download for a specific download ID.",
   "params": [{
    "name": "downloadId",
    "type": "number"
   }]
  },
  {
   "deprecated": "false",
   "name": "ConvertBytes",
   "description": "Convert bytes into KB and MB.",
   "params": [{
    "name": "bytes",
    "type": "number"
   }],
   "returnType": "text"
  },
  {
   "deprecated": "false",
   "name": "DownloadFile",
   "description": "Download a file from the provided URL and save it to the specified folder.",
   "params": [
    {
     "name": "URL",
     "type": "text"
    },
    {
     "name": "fileName",
     "type": "text"
    },
    {
     "name": "customFilePath",
     "type": "text"
    }
   ]
  },
  {
   "deprecated": "false",
   "name": "GetASDPath",
   "description": "Get the ASD path of your app.",
   "params": [],
   "returnType": "text"
  },
  {
   "deprecated": "false",
   "name": "GetAllDownloadIds",
   "description": "Get a list of all download IDs.",
   "params": [],
   "returnType": "list"
  },
  {
   "deprecated": "false",
   "name": "GetCurrentDownloadId",
   "description": "Get the current download ID.",
   "params": [],
   "returnType": "number"
  },
  {
   "deprecated": "false",
   "name": "GetDownloadedSize",
   "description": "Get the downloaded size of the file for a specific download ID.",
   "params": [{
    "name": "downloadId",
    "type": "number"
   }],
   "returnType": "number"
  },
  {
   "deprecated": "false",
   "name": "PauseDownload",
   "description": "Pause the ongoing download for a specific download ID.",
   "params": [{
    "name": "downloadId",
    "type": "number"
   }]
  },
  {
   "deprecated": "false",
   "name": "ResumeDownload",
   "description": "Resume the paused download for a specific download ID.",
   "params": [{
    "name": "downloadId",
    "type": "number"
   }]
  },
  {
   "deprecated": "false",
   "name": "SetCustomNotificationMessage",
   "description": "Set the custom notification message for download complete notification.",
   "params": [{
    "name": "notificationMessage",
    "type": "text"
   }]
  },
  {
   "deprecated": "false",
   "name": "SetCustomNotificationTitle",
   "description": "Set the custom notification title for download complete notification.",
   "params": [{
    "name": "notificationTitle",
    "type": "text"
   }]
  }
 ],
 "blockProperties": [],
 "helpUrl": "",
 "licenseName": "",
 "type": "com.R2Store.customdownloader.Customdownloader",
 "androidMinSdk": 7,
 "version": "1",
 "external": "true",
 "showOnPalette": "true",
 "name": "Customdownloader",
 "helpString": "<p>Developed by R2 Store<\/p> <a href='https://t.me/R2_Store1/' target='_blank'>Telegram<\/a> | <a href='http://r2store.000.pe/' target='_blank'>More Extensions<\/a>",
 "properties": [],
 "events": [
  {
   "deprecated": "false",
   "name": "DownloadProgress",
   "description": "Event triggered to report download progress, speed, ETA, fileSize, and downloadedSize.",
   "params": [
    {
     "name": "downloadId",
     "type": "number"
    },
    {
     "name": "progress",
     "type": "text"
    },
    {
     "name": "speed",
     "type": "text"
    },
    {
     "name": "eta",
     "type": "text"
    },
    {
     "name": "fileSize",
     "type": "text"
    },
    {
     "name": "downloadedSize",
     "type": "number"
    }
   ]
  },
  {
   "deprecated": "false",
   "name": "ErrorMessageShown",
   "description": "Event triggered when an error occurs during download.",
   "params": [
    {
     "name": "downloadId",
     "type": "number"
    },
    {
     "name": "message",
     "type": "text"
    }
   ]
  },
  {
   "deprecated": "false",
   "name": "SuccessfulDownload",
   "description": "Event triggered when a download is successfully completed.",
   "params": [
    {
     "name": "downloadId",
     "type": "number"
    },
    {
     "name": "filePath",
     "type": "text"
    },
    {
     "name": "fileSize",
     "type": "number"
    },
    {
     "name": "fileName",
     "type": "text"
    }
   ]
  }
 ]
}]