[{"categoryString":"EXTENSION","nonVisible":"true","iconName":"https://puravidaapps.com/images/taifun16.png","methods":[{"deprecated":"false","name":"CreateChunks","description":"Create chunks of a jpg image file. The chunks will be stored in the same directory as the original image file. The following name convention will be used: imageFileName_rowNumber_columnNumber.jpg. You can use a relative path or a complete path to the image file. To use a relative path, just prefix the imageFileName with /. For instance /myFile.jpg will create chunks of the file /mnt/sdcard/myFile.jpg. You can't create chunks from  files in the assets. If a fileName starts with file:/// you can specify a complete path to the file.","params":[{"name":"imageFileName","type":"text"},{"name":"rows","type":"number"},{"name":"columns","type":"number"}]},{"deprecated":"false","name":"Crop","description":"Crop Image. Enter the distance in pixel for left, top, right and bottom  to crop the original image.","params":[{"name":"imageFileName","type":"text"},{"name":"left","type":"number"},{"name":"top","type":"number"},{"name":"right","type":"number"},{"name":"bottom","type":"number"}]},{"deprecated":"false","name":"Height","description":"Get height of image.","params":[{"name":"imageFileName","type":"text"}],"returnType":"number"},{"deprecated":"false","name":"HexStringToImage","description":"convert hex string to image, returns path to image. ImageType can be JPG or PNG.","params":[{"name":"hexString","type":"text"},{"name":"imageType","type":"text"}],"returnType":"text"},{"deprecated":"false","name":"IsLandscape","description":"Return true if image is in landscape format, else return false.","params":[{"name":"imageFileName","type":"text"}],"returnType":"boolean"},{"deprecated":"false","name":"Overlay","description":"Overlay images.","params":[{"name":"imageFileName1","type":"text"},{"name":"imageFileName2","type":"text"}],"returnType":"text"},{"deprecated":"false","name":"Resize","description":"Resize a jpg image file. You can use a relative path or a complete path to the image file. To use a relative path, just prefix the imageFileName with /. For instance /myFile.jpg will shrink the file /mnt/sdcard/myFile.jpg. You can't shrink files in the assets. If a fileName starts with file:/// you can specify a complete path to the file.","params":[{"name":"imageFileName","type":"text"},{"name":"maxWidth","type":"number"},{"name":"maxHeight","type":"number"}]},{"deprecated":"false","name":"Rotate","description":"Rotate Image by 0, 90, 180 or 270 degrees in clockwise direction.","params":[{"name":"imageFileName","type":"text"},{"name":"angle","type":"number"}]},{"deprecated":"false","name":"Scale","description":"Scale a jpg image file. You can use a relative path or a complete path to the image file. To use a relative path, just prefix the imageFileName with /. For instance /myFile.jpg will shrink the file /mnt/sdcard/myFile.jpg. You can't shrink files in the assets. If a fileName starts with file:/// you can specify a complete path to the file. The parameter scalingLogic expects the value CROP or FIT.","params":[{"name":"imageFileName","type":"text"},{"name":"width","type":"number"},{"name":"height","type":"number"},{"name":"scalingLogic","type":"text"}]},{"deprecated":"false","name":"Width","description":"Get width of image.","params":[{"name":"imageFileName","type":"text"}],"returnType":"number"}],"blockProperties":[{"rw":"read-write","deprecated":"false","name":"SuppressWarnings","description":"whether Warnings should be suppressed","type":"boolean"}],"type":"com.puravidaapps.TaifunImage","version":"4","external":"true","showOnPalette":"true","name":"TaifunImage","helpString":"Image Extension for image manipulation. Version 4 as of 2017-03-08 for App Inventor version nb155 and Companion version 2.41.","properties":[{"defaultValue":"false","name":"SuppressWarnings","editorType":"boolean"}],"events":[{"deprecated":"false","name":"ChunksCreated","description":"Event indicating that chunks have been created.","params":[{"name":"successful","type":"boolean"},{"name":"result","type":"any"}]},{"deprecated":"false","name":"Rotated","description":"Event indicating that image has been rotated.","params":[{"name":"successful","type":"boolean"},{"name":"result","type":"text"}]},{"deprecated":"false","name":"Scaled","description":"Event indicating that image has been scaled.","params":[{"name":"successful","type":"boolean"},{"name":"result","type":"text"}]}]}]