[{
 "categoryString": "EXTENSION",
 "nonVisible": "true",
 "iconName": "https://puravidaapps.com/images/taifun16.png",
 "methods": [
  {
   "deprecated": "false",
   "name": "RingtoneGet",
   "description": "Get current ringtone. Type can be RINGTONE, NOTIFICATION or ALARM.",
   "params": [{
    "name": "type",
    "type": "text"
   }],
   "returnType": "text"
  },
  {
   "deprecated": "false",
   "name": "RingtonePlay",
   "description": "Play ringtone. Type can be RINGTONE, NOTIFICATION or ALARM.",
   "params": [{
    "name": "type",
    "type": "text"
   }]
  },
  {
   "deprecated": "false",
   "name": "RingtoneStop",
   "description": "Stop currently playing ringtone.",
   "params": []
  }
 ],
 "blockProperties": [
  {
   "rw": "read-only",
   "deprecated": "false",
   "name": "Brightness",
   "description": "brightness (a value between 0 and 255)",
   "type": "number"
  },
  {
   "rw": "read-only",
   "deprecated": "false",
   "name": "BrightnessMode",
   "description": "brightness mode (MANUAL or AUTO)",
   "type": "text"
  },
  {
   "rw": "read-only",
   "deprecated": "false",
   "name": "FontScale",
   "description": "font scale",
   "type": "number"
  },
  {
   "rw": "read-write",
   "deprecated": "false",
   "name": "ShowUI",
   "description": "whether User Interface shoud be showed while setting the volume.",
   "type": "boolean"
  },
  {
   "rw": "read-write",
   "deprecated": "false",
   "name": "VolumeAlarm",
   "description": "notification volume in percent.",
   "type": "number"
  },
  {
   "rw": "read-write",
   "deprecated": "false",
   "name": "VolumeMusic",
   "description": "media volume in percent.",
   "type": "number"
  },
  {
   "rw": "read-write",
   "deprecated": "false",
   "name": "VolumeRing",
   "description": "ringtone volume in percent.",
   "type": "number"
  }
 ],
 "helpUrl": "https://puravidaapps.com/settings.php",
 "type": "com.puravidaapps.TaifunSettings",
 "androidMinSdk": 7,
 "version": "7",
 "external": "true",
 "showOnPalette": "true",
 "name": "TaifunSettings",
 "helpString": "Settings Extension. Version 7a (FREE VERSION) as of 2019-02-13 for App Inventor version nb175 and Companion version 2.51.",
 "properties": [
  {
   "defaultValue": "True",
   "name": "ShowUI",
   "editorArgs": [],
   "editorType": "boolean"
  },
  {
   "defaultValue": "82",
   "name": "VolumeAlarm",
   "editorArgs": [],
   "editorType": "non_negative_integer"
  },
  {
   "defaultValue": "82",
   "name": "VolumeMusic",
   "editorArgs": [],
   "editorType": "non_negative_integer"
  },
  {
   "defaultValue": "82",
   "name": "VolumeRing",
   "editorArgs": [],
   "editorType": "non_negative_integer"
  }
 ],
 "events": []
}]